PM2.5,PM2.5,PM10,PM10,SO2,SO2,NO2,NO2,CO,CO,O3,O3,TEMP,TEMP,PRES,PRES,DEWP,DEWP,RAIN,RAIN
mean,max,mean,max,mean,max,mean,max,mean,max,mean,max,mean,max,mean,max,mean,max,mean,max
82.39304326240327,665.0,112.91316747774506,844.0,23.493029036267053,186.0,63.39023057273096,228.0,1187.5275879117166,8900.0,50.22141662608446,358.9992,15.497739651416122,37.9,1008.200408496732,1031.3,6.465400326797385,28.5,0.0715822440087146,72.5
90.3335814460383,584.0,121.38992129782149,948.0,21.097476199493435,197.0,63.74208693795449,285.0,1194.5459942988218,8100.0,49.941809928208,338.0,13.878127853881278,40.5,1011.3180821917808,1036.0,4.162203196347032,26.6,0.056609589041095885,40.7
82.13457761854872,657.0,112.03538117936007,984.0,14.407922072170175,161.0,60.93735026438371,290.0,1395.6490809350032,10000.0,63.74852812724793,423.0,13.478427666403228,38.8,1012.5684258568854,1038.5,2.736283804209086,25.7,0.07268662578915795,36.6
74.27902198500227,898.0,94.84274856962952,884.0,10.95940013534313,341.0,48.72588806928264,218.0,1196.488727073191,10000.0,61.91445662528975,350.0,13.863317863957462,37.3,1012.8237576015603,1042.0,2.2876322218864487,27.3,0.0797554584125208,46.4
94.62667921837658,713.0,107.35798437124234,858.0,20.791767038684895,164.0,66.21596810066566,217.0,1668.531168745426,9900.0,47.57353618887203,133.0,0.7743389935922222,15.9,1023.5076973526864,1036.6,-13.06507507994792,3.1230624357950005,0.0036310950011510953,0.8
