PM2.5,PM2.5,PM10,PM10,SO2,SO2,NO2,NO2,CO,CO,O3,O3,TEMP,TEMP,PRES,PRES,DEWP,DEWP,RAIN,RAIN
mean,max,mean,max,mean,max,mean,max,mean,max,mean,max,mean,max,mean,max,mean,max,mean,max
72.63756692961037,443.0,91.25715941009416,653.0,19.231476112303053,165.0,41.25146378094609,199.0,1052.0520754844188,8100.0,61.39919531540231,429.0,15.961397058823529,37.9,1004.9574891067538,1027.9,4.471881808278867,27.2,0.06606753812636165,25.3
79.14421551206404,581.0,106.31847159685458,999.0,20.95833806141603,235.0,45.55761131510752,195.0,1195.4309744447153,10000.0,63.08079458897417,413.0,14.172511415525113,41.4,1008.1536643835616,1032.0,1.0372602739726027,24.4,0.03788812785388128,21.6
69.67214780791289,500.0,94.15370810268557,992.0,11.841340809941386,310.0,42.79928448349337,199.0,1161.8595384483654,9900.0,57.912187269591904,359.0,13.611578197013117,39.2,1007.8507274543977,1033.1,1.844609743004449,24.6,0.08255164943953629,52.1
61.778503044587545,882.0,86.42249039096346,933.0,8.27761561219345,257.0,45.54892506236909,226.0,1123.5892964672971,10000.0,53.904719974856015,327.0,13.491735700151024,38.1,1007.920727680391,1036.5,1.6468736871482337,26.9,0.06532588377140376,22.7
80.01228559824561,662.0,94.36409062150497,775.0,16.41761475239747,111.0,50.94755034082758,203.0,1524.4001621327275,9900.0,33.4004096359449,148.0,0.5432731665860868,15.6,1018.3082175927046,1031.2,-13.957717909318896,1.5054954157264864,0.0018387439951682192,0.6
