PM2.5,PM2.5,PM10,PM10,SO2,SO2,NO2,NO2,CO,CO,O3,O3,TEMP,TEMP,PRES,PRES,DEWP,DEWP,RAIN,RAIN
mean,max,mean,max,mean,max,mean,max,mean,max,mean,max,mean,max,mean,max,mean,max,mean,max
64.77744997002252,410.0,78.7630308035599,720.0,14.032210550626404,131.0,29.89044781421807,190.3131,852.7775527370945,5100.0,65.18793486437104,382.0,15.961397058823529,37.9,1004.9574891067538,1027.9,4.471881808278867,27.2,0.06606753812636165,25.3
73.94957520628522,548.0,90.35811199397187,895.0,14.458872879819065,150.0,27.362325315558117,174.0,877.6564111201278,6900.0,72.51543396152378,411.0,14.172511415525113,41.4,1008.1536643835616,1032.0,1.0372602739726027,24.4,0.03788812785388128,21.6
64.62752912765211,647.0,85.35013398577797,905.0,11.35114298092629,111.0,26.881813167156967,186.0,966.4533782418131,9400.0,70.95303587159508,432.0,13.61157819701289,39.2,1007.8507274543977,1033.1,1.844609743004449,24.6,0.08255164943953629,52.1
60.04221152556268,881.0,80.51457968854619,864.0,7.294931327135884,156.0,25.48603562734619,205.0,874.4413209510124,9400.0,67.35705960012969,500.0,13.49173569991064,38.1,1007.920727680391,1036.5,1.6468736871482337,26.9,0.06532588377140376,22.7
68.35021572865865,536.0,78.65088807195015,553.0,13.250526444558096,80.0,34.38797137575548,190.0,1151.8243172588511,10000.0,53.94892457128909,104.0,0.5432731665855333,15.6,1018.3082175927046,1031.2,-13.957717909318896,1.5054954157264864,0.0018387439951682192,0.6
