PM2.5,PM2.5,PM10,PM10,SO2,SO2,NO2,NO2,CO,CO,O3,O3,TEMP,TEMP,PRES,PRES,DEWP,DEWP,RAIN,RAIN
mean,max,mean,max,mean,max,mean,max,mean,max,mean,max,mean,max,mean,max,mean,max,mean,max
86.92576040859927,520.0,105.01814622397242,602.0,23.917828891082674,198.0,57.5988146622913,258.0,1335.308738096376,9400.0,63.489912546138754,1071.0,15.963657407407409,37.5,1009.8287581699346,1033.3,5.152369281045751,28.8,0.05797930283224401,27.3
87.4554847932058,737.0,116.93911827563683,794.0,23.79048727032598,230.0,55.58220293030829,236.0,1367.6937352169898,7700.0,57.245953297539685,320.0,13.88115296803653,41.1,1012.5342237442924,1035.0,2.604429223744292,25.1,0.054212328767123286,29.0
87.32643558129422,685.0,111.84023885673935,816.0,15.218664599194645,145.0,50.37273476467978,256.0,1335.6684000948292,10000.0,55.79603491516937,308.0,13.43238585868751,38.8,1012.7896246010722,1038.5,2.692271126604571,25.7,0.0728799131320365,36.6
80.46579995063007,695.0,103.28233408157026,891.0,11.783749591147458,278.0,51.196803662157556,210.0,1243.0284589802118,9900.0,56.14599314758335,342.0,13.863387100687493,37.3,1012.8243158319343,1042.0,2.2870938913588517,27.3,0.07975274779465379,46.4
103.13052888676164,681.0,131.53606027849634,955.0,20.405056439924145,300.0,57.933326250314245,192.0,1575.4395130343116,9500.0,39.78081498010281,500.0,0.7750139259774658,15.9,1023.5131390850978,1036.6,-13.07032282499418,2.447534528021915,0.003604671399377183,0.8
