PM2.5,PM2.5,PM10,PM10,SO2,SO2,NO2,NO2,CO,CO,O3,O3,TEMP,TEMP,PRES,PRES,DEWP,DEWP,RAIN,RAIN
mean,max,mean,max,mean,max,mean,max,mean,max,mean,max,mean,max,mean,max,mean,max,mean,max
82.14055064651139,512.0,107.77277510793387,999.0,21.833993745283216,189.0,58.27418768734532,270.0,1197.3870653182403,7100.0,58.19601731126811,356.0,15.497739651416122,37.9,1008.200408496732,1031.3,6.465400326797385,28.5,0.0715822440087146,72.5
88.25573149497251,603.0,115.73663510431355,814.0,22.977105528868506,263.0,63.72739118317862,230.0,1351.308925007152,7600.0,55.26281775692258,352.0,13.878127853881278,40.5,1011.3180821917808,1036.0,4.162203196347032,26.6,0.056609589041095885,40.7
82.41885896444803,680.0,106.37061690176684,961.0,14.112922618588792,157.0,54.95751612516764,239.0,1314.6173536132221,10000.0,56.75887649035809,352.0,13.478427666403213,38.8,1012.5684258569233,1038.5,2.736283804209086,25.7,0.07268662578915795,36.6
77.22856011901891,639.0,104.73890483024505,906.0,11.544031758120497,277.0,53.57274779356926,225.0,1174.8671434314542,9300.0,54.94547056626652,335.0,13.863317863957462,37.3,1012.8237576015603,1042.0,2.2876322218864487,27.3,0.0797554584125208,46.4
92.6910089816863,664.0,116.96593855901618,917.0,21.291314314561376,293.0,64.99629534114655,207.0,1489.7657111408712,9800.0,45.94267411716809,415.0,0.7743389935922221,15.9,1023.5076973526865,1036.6,-13.06507507994792,3.1230624357950005,0.0036310950011510953,0.8
