PM2.5,PM2.5,PM10,PM10,SO2,SO2,NO2,NO2,CO,CO,O3,O3,TEMP,TEMP,PRES,PRES,DEWP,DEWP,RAIN,RAIN
mean,max,mean,max,mean,max,mean,max,mean,max,mean,max,mean,max,mean,max,mean,max,mean,max
82.03511493833787,500.0,112.60053664462514,983.0,17.64778768468981,192.0,61.356659051017694,240.0,1299.5792011370293,8000.0,56.11761268550324,325.0,15.920731436730147,37.7,1006.1116839790627,1029.4,5.4612163797455375,27.4,0.07000272331154685,36.6
89.13982008392125,770.0,133.56503851814023,862.0,19.728977503480124,500.0,62.03259162261055,224.0,1420.9109308459879,8800.0,58.803854392031774,374.0,14.432279055305711,41.6,1008.8798401826484,1032.0,2.94632539290364,26.8,0.03689497716894977,39.0
83.63120397007407,741.0,116.26194699263796,941.0,13.375146038087031,248.0,49.9021433009264,216.0,1324.9270731676054,9900.0,60.66668343769187,450.0,14.061954987257618,39.3,1009.1298598895494,1035.0,3.1769716310197635,26.2,0.08087622964381841,41.9
77.53070364518882,646.0,110.7936678124068,986.0,10.249752764496218,500.0,50.026416745742715,229.0,1172.8539951559405,10000.0,59.527468714211714,348.0,13.53970995297122,37.2,1009.1522384674678,1038.1,2.005142656289985,26.8,0.08078906754308071,30.4
101.14399284568285,767.0,126.51278357931425,994.0,20.598720253494225,247.0,62.48569595583682,276.0,1782.3722491550093,10000.0,29.2615023547812,74.0,0.4813080413050859,15.5,1018.7559057797656,1032.6,-14.00275111697818,2.6104418358895276,0.0032094121251220213,1.3
