PM2.5,PM2.5,PM10,PM10,SO2,SO2,NO2,NO2,CO,CO,O3,O3,TEMP,TEMP,PRES,PRES,DEWP,DEWP,RAIN,RAIN
mean,max,mean,max,mean,max,mean,max,mean,max,mean,max,mean,max,mean,max,mean,max,mean,max
68.7152640418641,534.0,94.6802386380872,887.0,16.7205850981645,196.0,36.01418073169046,231.0,1006.4916901356187,8000.0,61.06184675800895,444.0,14.660334967320262,36.9,1004.994362745098,1028.0,5.1238970588235295,29.1,0.07233115468409587,45.9
77.01144989317042,528.0,99.88914266666293,993.0,17.410515721438145,315.0,37.24004515909741,219.0,1062.548586527115,6700.0,67.00978311734013,391.0,12.802556033240036,40.3,1007.4901819944434,1032.0,2.127985670909169,25.3,0.05248536058112128,45.9
70.63595802864378,762.0,89.42573386641077,991.0,8.752582096298214,314.0,28.474908194228885,162.0,1041.4659671985362,10000.0,60.177104532150295,413.0,12.45550403381155,39.0,1007.8617439533487,1033.4,2.516335296578023,26.2,0.08103585268549991,30.9
61.27706207084884,683.0,82.39120009785076,973.0,6.737303740613836,184.0,27.809709793773408,189.0,930.4242072236228,9300.0,53.385516449132645,356.0,12.405475870062793,36.5,1007.9077530817459,1036.5,2.217107278578957,27.3,0.07684148197957527,36.1
74.21258606622746,558.0,92.01607179608354,750.0,9.791627717629492,77.0,38.878500002417084,174.0,1312.9688302421273,9800.0,46.72317805099823,119.0,-1.065962778732738,15.8,1018.2295254630407,1031.4,-13.625900556354605,2.2386192910799463,0.004530562197646352,1.0
