PM2.5,PM2.5,PM10,PM10,SO2,SO2,NO2,NO2,CO,CO,O3,O3,TEMP,TEMP,PRES,PRES,DEWP,DEWP,RAIN,RAIN
mean,max,mean,max,mean,max,mean,max,mean,max,mean,max,mean,max,mean,max,mean,max,mean,max
84.35017712913044,844.0,103.84543388297601,811.0,23.23811821162401,234.0,59.624705833775124,273.0,1306.1077835240953,9800.0,56.30989880925216,310.0,15.963657407407409,37.5,1009.8287581699346,1033.3,5.152369281045751,28.8,0.05797930283224401,27.3
90.18552206435763,809.0,125.10561283935338,907.0,24.43731969524657,208.0,61.95808357644363,234.0,1336.9740579781094,9400.0,59.56755892965397,367.0,13.88115296803653,41.1,1012.5342237442924,1035.0,2.604429223744292,25.1,0.054212328767123286,29.0
85.93233729197065,667.0,107.4572767698416,899.0,15.913631894722597,168.0,58.50667790856301,265.0,1377.2601176792357,10000.0,61.21783389101269,364.0,13.432385858687526,38.8,1012.7896246010342,1038.5,2.692271126604571,25.7,0.0728799131320365,36.6
76.15578966768373,566.0,97.03827499131181,995.0,11.604205662470571,187.0,52.51467069390636,206.0,1214.1981034567816,9400.0,60.17928781673409,390.0,13.863387100687493,37.3,1012.8243158319343,1042.0,2.2870938913588517,27.3,0.07975274779465379,46.4
101.38697886622396,835.0,119.62414915448414,939.0,20.659013647091925,257.0,58.386465370699426,194.0,1696.8589385070518,9700.0,36.88227238183952,94.0,0.7750139259774658,15.9,1023.5131390850977,1036.6,-13.07032282499418,2.447534528021915,0.003604671399377183,0.8
