PM2.5,PM2.5,PM10,PM10,SO2,SO2,NO2,NO2,CO,CO,O3,O3,TEMP,TEMP,PRES,PRES,DEWP,DEWP,RAIN,RAIN
mean,max,mean,max,mean,max,mean,max,mean,max,mean,max,mean,max,mean,max,mean,max,mean,max
77.2800653219978,558.0,94.66243283087304,764.0,15.611348197636802,167.0,41.643163300447036,204.0,1230.697972758471,8700.0,56.58960096769419,351.7164,15.53510348583878,37.8,1010.492061546841,1033.8,5.544048898027268,27.4,0.06482843137254903,31.2
84.47271643636394,592.0,110.79990178732541,903.0,17.38050072870319,207.0,45.53029753462056,204.0,1166.8412851702728,7600.0,58.3485351729203,333.0,13.838949771689498,40.6,1012.5073173515981,1035.9,2.437796803652968,24.9,0.05089041095890411,37.3
81.25006377264337,689.0,99.68997746925388,999.0,10.5404981347178,160.0,43.22641272094168,238.0,1180.508107910904,10000.0,52.165830145784156,340.0,13.293470659822237,39.0,1013.4947327754345,1039.4,2.73635230345146,25.4,0.07650868914051101,30.9
72.05143490925788,941.0,87.8168016875994,917.0,9.874574771218287,239.0,43.00199635059139,195.0,1086.6173677874563,9900.0,56.02176931981861,339.0,13.381310009762467,36.6,1013.5395138832208,1042.8,2.1645287210419712,27.5,0.06213442117543954,19.5
95.42187431500216,762.0,107.09043460070593,951.0,21.125712246910457,157.0,55.4765000750915,258.0,1749.532338559743,9600.0,42.22035297417873,173.0,0.08793654188065607,15.4,1024.1815344036318,1037.6,-13.149893815649122,2.465035704084547,0.0030444523349761454,1.1
