PM2.5,PM2.5,PM10,PM10,SO2,SO2,NO2,NO2,CO,CO,O3,O3,TEMP,TEMP,PRES,PRES,DEWP,DEWP,RAIN,RAIN
mean,max,mean,max,mean,max,mean,max,mean,max,mean,max,mean,max,mean,max,mean,max,mean,max
83.19768566036096,525.0,108.25307000340004,839.0,18.183158707440896,202.0,53.32406760692489,230.0,1315.3283578211506,8199.0,54.4400686094786,674.0,15.963657407407409,37.5,1009.8287581699346,1033.3,5.152369281045751,28.8,0.05797930283224401,27.3
86.43309736622619,541.0,114.22799851734297,894.0,19.094872628044488,273.0,55.61653299398656,192.0,1314.1412344051507,9300.0,56.9766156750181,369.0,13.88115296803653,41.1,1012.5342237442924,1035.0,2.604429223744292,25.1,0.054212328767123286,29.0
82.60031921442649,671.0,103.04892012583541,887.0,11.88353701748708,227.0,51.93462692481087,218.0,1300.419445350385,10000.0,60.07058283868793,360.0,13.43238585868751,38.8,1012.7896246010722,1038.5,2.692271126604571,25.7,0.0728799131320365,36.6
74.03538010085884,821.0,97.2311955760276,988.0,8.996355022114303,182.0,50.08300889855861,238.0,1199.4367473417453,10000.0,55.42548866946973,347.0,13.863387100687493,37.3,1012.8243158319343,1042.0,2.2870938913588517,27.3,0.07975274779465379,46.4
98.14063087006176,808.0,125.07107141417018,899.0,14.021248257301977,111.0,63.845862180933764,241.0,1712.2402067179335,10000.0,36.041356147256195,104.0,0.7750139259774658,15.9,1023.5131390850978,1036.6,-13.07032282499418,2.447534528021915,0.003604671399377183,0.8
