PM2.5,PM2.5,PM10,PM10,SO2,SO2,NO2,NO2,CO,CO,O3,O3,TEMP,TEMP,PRES,PRES,DEWP,DEWP,RAIN,RAIN
mean,max,mean,max,mean,max,mean,max,mean,max,mean,max,mean,max,mean,max,mean,max,mean,max
91.57214992317688,560.0,112.28278762961962,829.0,23.648364099667784,172.0,68.53646151060973,212.0,1271.9238597037881,10000.0,48.92087470294114,344.0,15.497739651416122,37.9,1008.200408496732,1031.3,6.465400326797385,28.5,0.0715822440087146,72.5
89.41041650538395,589.0,130.07864824362397,923.0,24.835117111328326,225.0,75.0461173654688,264.0,1365.1550109699174,9600.0,43.146560967930675,342.0,13.87840182648402,40.5,1011.311312785388,1036.0,4.166894977168949,26.6,0.05657534246575343,40.7
80.58591132998602,718.0,106.780609437403,951.0,14.879243427510671,131.0,58.87570717599608,225.0,1331.416244341673,10000.0,52.01536602111815,364.0,13.355739901797845,39.0,1011.2582985241364,1036.7,3.045483239205091,25.8,0.07246992300351444,47.7
71.56188476173422,957.0,92.9861752345736,919.0,10.708960242575694,282.0,58.515265240090315,253.0,1233.5154686554042,10000.0,53.50128508372849,318.0,13.404871803377501,38.2,1011.3119923819846,1040.3,2.5254970530541985,27.0,0.08338773215935252,28.9
94.05207972304949,625.0,110.91023905306315,784.0,20.278265317182107,147.0,69.03187897475426,249.0,1739.8578149116047,10000.0,35.915060063583965,102.0,0.5189624643873979,16.2,1022.4758871654097,1035.0,-12.92843752478724,3.266587718296998,0.0034963914613880083,1.0
