PM2.5,PM2.5,PM10,PM10,SO2,SO2,NO2,NO2,CO,CO,O3,O3,TEMP,TEMP,PRES,PRES,DEWP,DEWP,RAIN,RAIN
mean,max,mean,max,mean,max,mean,max,mean,max,mean,max,mean,max,mean,max,mean,max,mean,max
84.03383572559709,510.0,111.31505100578244,961.0,21.811820628600003,219.0,56.12667211763586,241.0,1432.6785140558266,8600.0,55.136895178586286,358.0,15.854153050108932,38.0,1007.2127859477124,1030.5,5.750027233115468,28.5,0.06518246187363834,23.8
88.98039319488821,704.0,125.72554727572356,886.0,22.146581392179627,229.0,61.239727909567144,218.0,1417.238056082152,9600.0,56.955014498809206,347.0,14.29263698630137,40.6,1010.9611301369863,1037.0,3.0128424657534247,25.4,0.04906392694063927,22.4
84.72227832796038,690.0,110.9663407148007,931.0,14.375937536171566,273.0,52.797669371864636,211.0,1356.0133571515407,9800.0,58.88593956011433,355.0,13.564730778476482,38.8,1012.412663067424,1038.5,2.822615004778592,25.7,0.07319227399084413,36.6
78.68667242958885,999.0,99.09715662106085,929.0,10.785244498276347,411.0,50.62046904164171,235.0,1234.3444472656638,9800.0,57.268322556646865,340.0,13.863477140398253,37.3,1012.8234905463078,1042.0,2.287301012411573,27.3,0.07975298737688546,46.4
106.86629647109649,823.0,122.60964466250373,952.0,18.670731143749542,189.0,64.46074601994815,251.0,1690.5200161157577,9300.0,34.53974331025637,88.0,0.7758916496469961,15.9,1023.5050940489415,1036.6,-13.06830377085797,2.707441860465116,0.0036070068910593563,0.8
